
USE p4g6
GO

INSERT INTO Empires.Era (era_id, nome) 
VALUES
	(1, 'Discovery Age'),
	(2, 'Colonial Age'),
	(3, 'Fortress Age'),
	(4, 'Industrial Age'),
	(5, 'Imperial Age');

INSERT INTO Empires.Civilizacao (civ_id, nome) 
VALUES
	(0, 'Gaia'),
	(1, 'British'),
	(2, 'Dutch'),
	(3, 'French'),
	(4, 'Germans'),
	(5, 'Ottomans'),
	(6, 'Portuguese'),
	(7, 'Russians'),
	(8, 'Spanish'),
	(9, 'Aztecs'),
	(10, 'Carib'),
	(11, 'Cherokee'),
	(12, 'Comanche'),
	(13, 'Cree'),
	(14, 'Quechua'),
	(15, 'Iroquois'),
	(16, 'Lakota'),
	(17, 'Maya'),
	(18, 'Nootka'),
	(19, 'Seminole'),
	(20, 'Tupi');

INSERT INTO Empires.Grande_Civilizacao (lider, capital, FK_civ_id) 
VALUES
	('Mother Earth', 'Earth', 0),
	('Queen Elizabeth I', 'London', 1),
	('Stadtholder William III', 'Amsterdam', 2),
	('King Louis XIV', 'Paris', 3),
	('Frederick the Great', 'Berlin', 4),
	('Sultan Suleiman I', 'Istanbul', 5),
	('Henry the Navigator', 'Lisbon', 6),
	('Ivan the Terrible', 'Moscow', 7),
	('Queen Isabella I', 'Madrid', 8);

INSERT INTO Empires.Pequena_Civilizacao (limite_tropas, FK_civ_id) 
VALUES
	(7, 9),
	(11, 10),
	(13, 11),
	(8, 12),
	(12, 13),
	(7, 14),
	(8, 15),
	(9, 16),
	(12, 17),
	(11, 18),
	(10, 19),
	(12, 20);

INSERT INTO Empires.Equipa (equipa_id)
VALUES
	(1),
	(2),
	(3);

INSERT INTO Empires.Civilizacao_Tropas (tropa, FK_civ_id) 
VALUES
	('Grenadier', 1),
	('Culverin', 1),
	('Falconet', 1),
	('Pikeman', 1),
	('Monitor', 1),
	('War Dog', 1),
	('Rocket', 2),
	('Factory Wagon', 2),
	('Ulhans', 2),
	('Dragoon', 2),
	('Musketeer', 2),
	('Villager', 2),
	('Villager', 3),
	('Mortar', 3),
	('Rodelero', 3),
	('Frigate', 3),
	('Culverin', 3),
	('Cuirassier', 3),
	('Gatling Gun', 3),
	('Skirmisher', 3),
	('Doppelsoldner', 3),
	('Villager', 4),
	('Lancer', 4),
	('Cuirassier', 4),
	('Grenadier', 4),
	('Cassador', 4),
	('Halberdier', 4),
	('Longbowman', 4),
	('Hussar', 4),
	('Crossbowman', 4),
	('Archer', 4),
	('Culverin', 5),
	('Cavalry Archer', 5),
	('Mortar', 5),
	('Pikeman', 5),
	('Abus Gun', 5),
	('Halberdier', 5),
	('Factory Wagon', 5),
	('Villager', 5),
	('Rocket', 5),
	('Falconet', 5),
	('Musketeer', 6),
	('Halberdier', 6),
	('Falconet', 6),
	('Ulhans', 6),
	('War Wagon', 6),
	('Villager', 6),
	('Pikeman', 6);

INSERT INTO Empires.Cartas_Civilizacao (carta, FK_civ_id) 
VALUES
	('1 Gatling Gun', 1),
	('2 Explorers', 1),
	('1 Blockhouse', 1),
	('2 Mortars', 1),
	('1 Advanced Arsenal', 1),
	('1 Factory', 1),
	('2 Frigates', 1),
	('8 Crossbowmen', 1),
	('10 Skirmishers', 1),
	('1 Church', 1),
	('8 Crossbowmen', 2),
	('12 Halberdiers', 2),
	('3 Hussars', 2),
	('5 Cuirassiers', 2),
	('2 Barracks', 2),
	('10 Skirmishers', 2),
	('2 Mortars', 2),
	('2 Barracks', 3),
	('1 Artillery Foundry', 3),
	('3 Cuirassiers', 3),
	('2 Mortars', 3),
	('1 Fortress', 3),
	('8 Crossbowmen', 3),
	('8 Cavalry Archers', 3),
	('1 Bank', 4),
	('2 Falconets', 4),
	('1 Blockhouse', 4),
	('1 Factory', 4),
	('1 Artillery Foundry', 4),
	('10 Skirmishers', 4),
	('1 Stable', 4),
	('3 Villagers', 5),
	('1 Artillery Foundry', 5),
	('5 Villagers', 5),
	('2 Barracks', 5),
	('8 Villagers', 5),
	('1 Advanced Arsenal', 5),
	('8 Cavalry Archers', 6),
	('5 Warships', 6),
	('10 Skirmishers', 6),
	('8 Crossbowmen', 6),
	('2 Mortars', 6),
	('Schooner', 6),
	('16 Skirmishers', 6),
	('1 Artillery Foundry', 6),
	('1 Fortress', 6),
	('6 Musketeers', 6),
	('2 War Dogs', 6);



INSERT INTO Empires.Jogador (jogador_id, nome, clan, cor, FK_equipa_id, FK_grande_id, FK_era_id) 
VALUES
	(1,'Iamgrunt','AOEC','Blue',2,2,4),
	(2,'EAGLEMUT','AOEC','Yellow',3,6,3),
	(3,'MusketJr', null,'Purple',1,4,4),
	(4,'H2O','ESOC','Red',2,2,4),
	(5,'Aizamk','NNN','Orange',3,5,2),
	(6,'KaiserKlein','NNN','Brown',1,2,3);

INSERT INTO Empires.Cartas_Jogador (carta, FK_jogador_id) 
VALUES
	('2 Mortars', 1),
	('18 Crossbowmen', 1),
	('8 Villagers', 1),
	('3 Hussars', 1),
	('2 Explorers', 1),
	('2 Cannons', 1),
	('8 Crossbowmen', 1),
	('6 Musketeers', 1),
	('3 Villagers', 2),
	('5 Warships', 2),
	('2 Frigates', 2),
	('5 Villagers', 2),
	('6 Musketeers', 2),
	('1 Factory', 2),
	('8 Villagers', 2),
	('Schooner', 2),
	('8 Cavalry Archers', 3),
	('2 War Dogs', 3),
	('1 Stable', 3),
	('10 Skirmishers', 3),
	('1 Bank', 3),
	('10 Dragoons', 3),
	('2 Barracks', 3),
	('3 Cuirassiers', 3),
	('1 Gatling Gun', 3),
	('12 Halberdiers', 4),
	('10 Dragoons', 4),
	('2 War Dogs', 4),
	('5 Warships', 4),
	('3 Cuirassiers', 4),
	('12 Pikeman', 4),
	('8 Crossbowmen', 4),
	('2 Monitors', 4),
	('2 Mortars', 4),
	('8 Cavalry Archers', 4),
	('2 Barracks', 4),
	('1 Church', 5),
	('2 War Dogs', 5),
	('5 Warships', 5),
	('2 Barracks', 5),
	('2 Monitors', 5),
	('2 Mortars', 5),
	('8 Villagers', 6),
	('2 Mortars', 6),
	('3 Villagers', 6),
	('2 War Dogs', 6),
	('1 Stable', 6),
	('1 Blockhouse', 6),
	('1 Factory', 6),
	('3 Hussars', 6),
	('2 Cannons', 6),
	('1 Artillery Foundry', 6);

INSERT INTO Empires.Alia (FK_civ_id, FK_jogador_id) 
VALUES
	(17, 2),
	(13, 3),
	(19, 3),
	(12, 3),
	(20, 4),
	(13, 4),
	(11, 4),
	(11, 5),
	(17, 5);

/*########################################################/
/#########################################################/
/#########################################################/
/#########################################################/
/#########################################################/
/#####################               #####################/
/################                        #################/
/#############                              ##############/
/###########                                  ############/
/##########                                    ###########/
/#########                 #####                 #########/
/########               ###########               ########/
/########            #### OBJECTS ####            ########/
/########               ###########               ########/
/#########                 #####                 #########/
/##########                                    ###########/
/###########                                  ############/
/#############                              ##############/
/################                        #################/
/#####################               #####################/
/#########################################################/
/#########################################################/
/#########################################################/
/#########################################################/
...........................................................
...........................................................
...........................................................
/#########################################################/
/#########################################################/
/########################################################*/



INSERT INTO Empires.Objeto (Nome, Localizacao_X, Localizacao_Y, FK_Era_Id, FK_jogador_id_tem, FK_jogador_id_elimina, Obj_Id) 
VALUES
	('Prop0', 26, 24, 3, 5, null, 1),
	('Prop1', 70, 26, 1, 3, null, 2),
	('Prop2', 38, 82, 2, 6, null, 3),
	('Prop3', 60, 30, 4, 1, null, 4),
	('Prop4', 46, 0, 4, 5, 5, 5),
	('Prop5', 66, 45, 4, 1, null, 6),
	('Prop6', 28, 90, 5, 6, null, 7),
	('Prop7', 95, 25, 1, 3, null, 8),
	('Prop8', 34, 10, 1, 1, null, 9),
	('Prop9', 3, 16, 1, 4, null, 10),
	('Prop10', 68, 10, 1, 6, null, 11),
	('Prop11', 9, 88, 1, 3, null, 12),
	('Prop12', 88, 32, 4, 4, null, 13),
	('Prop13', 51, 73, 1, 1, null, 14),
	('Prop14', 66, 16, 2, 3, null, 15),
	('Prop15', 35, 51, 2, 6, null, 16),
	('Prop16', 87, 63, 1, 3, null, 17),
	('Prop17', 80, 38, 2, 3, null, 18),
	('Prop18', 40, 81, 2, 6, null, 19),
	('Prop19', 38, 0, 5, 1, null, 20),
	('Prop20', 83, 56, 2, 2, null, 21),
	('Prop21', 47, 0, 3, 6, null, 22),
	('Prop22', 26, 37, 4, 4, null, 23),
	('Prop23', 93, 98, 2, 3, null, 24),
	('Prop24', 11, 52, 3, 6, null, 25),
	('Prop25', 37, 65, 1, 4, null, 26),
	('Prop26', 48, 42, 2, 5, null, 27),
	('Prop27', 38, 21, 2, 1, null, 28),
	('Prop28', 94, 2, 4, 5, null, 29),
	('Prop29', 1, 96, 1, 2, null, 30),
	('Prop30', 36, 41, 3, 3, null, 31),
	('Prop31', 52, 11, 1, 2, 6, 32),
	('Prop32', 23, 20, 5, 2, null, 33),
	('Prop33', 37, 32, 5, 6, null, 34),
	('Prop34', 25, 0, 1, 4, 5, 35),
	('Prop35', 6, 85, 3, 6, null, 36),
	('Prop36', 14, 10, 4, 2, null, 37),
	('Prop37', 0, 18, 3, 6, null, 38),
	('Prop38', 45, 25, 3, 3, null, 39),
	('Prop39', 54, 58, 5, 3, null, 40),
	('Prop40', 12, 69, 3, 5, 2, 41),
	('Prop41', 81, 93, 1, 4, null, 42),
	('Prop42', 49, 91, 4, 1, null, 43),
	('Prop43', 67, 57, 3, 1, 6, 44),
	('Prop44', 16, 22, 2, 2, null, 45),
	('Prop45', 30, 27, 4, 5, null, 46),
	('Prop46', 29, 56, 4, 4, null, 47),
	('Prop47', 4, 69, 5, 6, null, 48),
	('Prop48', 33, 98, 3, 3, null, 49),
	('Prop49', 81, 91, 5, 5, 1, 50),
	('Prop50', 93, 68, 4, 4, null, 51),
	('Prop51', 86, 45, 4, 3, null, 52),
	('Prop52', 75, 72, 2, 3, null, 53),
	('Prop53', 21, 39, 2, 1, null, 54),
	('Prop54', 31, 49, 1, 3, null, 55),
	('Prop55', 27, 56, 5, 3, null, 56),
	('Prop56', 31, 49, 5, 3, null, 57),
	('Prop57', 56, 5, 2, 4, 4, 58),
	('Prop58', 70, 50, 1, 1, null, 59),
	('Prop59', 32, 70, 4, 6, 6, 60),
	('Prop60', 73, 73, 2, 6, null, 61),
	('Prop61', 88, 32, 3, 3, null, 62),
	('Prop62', 57, 59, 5, 2, null, 63),
	('Prop63', 19, 51, 1, 4, null, 64),
	('Prop64', 5, 71, 4, 6, null, 65),
	('Prop65', 86, 73, 4, 6, null, 66),
	('Prop66', 49, 12, 5, 1, null, 67),
	('Prop67', 98, 93, 1, 5, null, 68),
	('Prop68', 19, 40, 3, 2, null, 69),
	('Prop69', 80, 39, 2, 1, null, 70),
	('Prop70', 12, 53, 4, 4, null, 71),
	('Prop71', 45, 27, 4, 1, null, 72),
	('Prop72', 65, 17, 5, 4, null, 73),
	('Prop73', 74, 14, 5, 4, null, 74),
	('Prop74', 48, 75, 4, 1, null, 75),
	('Prop75', 65, 43, 2, 1, 5, 76),
	('Prop76', 74, 69, 3, 4, null, 77),
	('Prop77', 24, 20, 1, 6, 4, 78),
	('Prop78', 73, 86, 2, 1, null, 79),
	('Prop79', 81, 60, 4, 1, null, 80),
	('Prop80', 67, 13, 2, 4, null, 81),
	('Prop81', 0, 57, 2, 6, null, 82),
	('Prop82', 57, 82, 5, 1, null, 83),
	('Prop83', 31, 35, 5, 6, 4, 84),
	('Prop84', 79, 57, 1, 6, null, 85),
	('Prop85', 64, 28, 5, 1, null, 86),
	('Prop86', 56, 36, 4, 6, null, 87),
	('Prop87', 17, 36, 1, 2, null, 88),
	('Prop88', 22, 93, 4, 6, null, 89),
	('Prop89', 10, 82, 2, 2, null, 90),
	('Prop90', 41, 24, 4, 4, 6, 91),
	('Prop91', 92, 13, 2, 5, null, 92),
	('Prop92', 41, 45, 4, 5, null, 93),
	('Prop93', 25, 14, 2, 2, null, 94),
	('Prop94', 21, 60, 5, 3, null, 95),
	('Prop95', 65, 2, 1, 4, null, 96),
	('Prop96', 65, 67, 3, 4, 1, 97),
	('Prop97', 100, 25, 1, 4, 6, 98),
	('Prop98', 82, 88, 5, 5, null, 99),
	('Prop99', 35, 0, 4, 6, 3, 100),
	('Prop100', 20, 98, 3, 5, 3, 101),
	('Prop101', 73, 5, 3, 5, null, 102),
	('Prop102', 21, 26, 1, 3, null, 103),
	('Prop103', 5, 30, 2, 4, null, 104),
	('Prop104', 56, 56, 3, 5, null, 105),
	('Prop105', 11, 17, 5, 3, null, 106),
	('Prop106', 41, 62, 2, 3, null, 107),
	('Prop107', 69, 21, 4, 6, null, 108),
	('Prop108', 0, 70, 4, 5, 6, 109),
	('Prop109', 77, 66, 1, 3, null, 110),
	('Prop110', 10, 69, 2, 1, 1, 111),
	('Prop111', 32, 66, 1, 3, null, 112),
	('Prop112', 69, 30, 3, 3, null, 113),
	('Prop113', 13, 43, 4, 2, null, 114),
	('Prop114', 38, 64, 2, 4, null, 115),
	('Prop115', 50, 15, 2, 5, null, 116),
	('Prop116', 5, 1, 4, 6, 6, 117),
	('Prop117', 29, 73, 4, 1, null, 118),
	('Prop118', 55, 75, 2, 1, null, 119),
	('Prop119', 48, 34, 3, 4, null, 120),
	('Prop120', 42, 11, 3, 5, 4, 121),
	('Prop121', 82, 67, 4, 3, null, 122),
	('Prop122', 40, 76, 1, 2, null, 123),
	('Prop123', 14, 94, 4, 3, 6, 124),
	('Prop124', 99, 96, 4, 1, null, 125),
	('Prop125', 47, 65, 3, 5, null, 126),
	('Prop126', 58, 93, 1, 5, 6, 127),
	('Prop127', 22, 13, 5, 1, null, 128),
	('Prop128', 27, 72, 3, 4, null, 129),
	('Prop129', 57, 23, 1, 1, null, 130),
	('Prop130', 89, 100, 4, 3, null, 131),
	('Prop131', 68, 2, 5, 5, null, 132),
	('Prop132', 35, 45, 4, 4, null, 133),
	('Prop133', 98, 93, 4, 4, null, 134),
	('Prop134', 22, 61, 5, 3, null, 135),
	('Prop135', 12, 57, 1, 5, 5, 136),
	('Prop136', 16, 41, 5, 5, 6, 137),
	('Prop137', 41, 20, 1, 6, 4, 138),
	('Prop138', 35, 73, 5, 1, null, 139),
	('Prop139', 96, 82, 1, 3, null, 140),
	('Prop140', 0, 93, 3, 6, null, 141),
	('Prop141', 77, 87, 1, 6, null, 142),
	('Prop142', 94, 82, 4, 6, null, 143),
	('Prop143', 83, 66, 4, 2, null, 144),
	('Prop144', 100, 59, 2, 3, null, 145),
	('Prop145', 52, 79, 1, 5, 4, 146),
	('Prop146', 6, 18, 5, 1, null, 147),
	('Prop147', 50, 61, 4, 3, 1, 148),
	('Prop148', 82, 65, 1, 2, null, 149),
	('Prop149', 60, 0, 5, 6, null, 150),
	('Prop150', 71, 83, 3, 2, 1, 151),
	('Prop151', 18, 94, 2, 2, 3, 152),
	('Prop152', 75, 98, 4, 2, 3, 153),
	('Prop153', 81, 53, 2, 2, null, 154),
	('Prop154', 62, 18, 3, 4, null, 155),
	('Prop155', 70, 30, 1, 1, null, 156),
	('Prop156', 23, 33, 2, 1, null, 157),
	('Prop157', 36, 78, 2, 2, null, 158),
	('Prop158', 7, 78, 1, 5, 1, 159),
	('Prop159', 4, 1, 2, 1, 3, 160),
	('Prop160', 40, 54, 5, 3, null, 161),
	('Prop161', 45, 45, 5, 1, 5, 162),
	('Prop162', 23, 5, 1, 2, null, 163),
	('Prop163', 6, 55, 3, 2, 5, 164),
	('Prop164', 10, 8, 4, 5, null, 165),
	('Prop165', 90, 50, 5, 1, null, 166),
	('Prop166', 33, 85, 2, 5, null, 167),
	('Prop167', 5, 63, 1, 3, null, 168),
	('Prop168', 2, 88, 2, 6, null, 169),
	('Prop169', 10, 91, 1, 3, 3, 170),
	('Prop170', 39, 36, 4, 1, null, 171),
	('Prop171', 48, 65, 4, 5, null, 172),
	('Prop172', 32, 10, 2, 5, null, 173),
	('Prop173', 75, 16, 5, 1, null, 174),
	('Prop174', 12, 28, 3, 4, null, 175),
	('Prop175', 32, 17, 5, 5, 2, 176),
	('Prop176', 92, 51, 2, 5, null, 177),
	('Prop177', 100, 74, 1, 1, 2, 178),
	('Prop178', 26, 3, 1, 3, null, 179),
	('Prop179', 1, 4, 3, 4, null, 180),
	('Prop180', 47, 13, 1, 1, null, 181),
	('Prop181', 32, 8, 1, 5, null, 182),
	('Prop182', 17, 67, 4, 4, null, 183),
	('Prop183', 75, 30, 1, 4, null, 184),
	('Prop184', 20, 57, 2, 2, null, 185),
	('Prop185', 72, 17, 1, 3, 1, 186),
	('Prop186', 100, 56, 1, 4, 6, 187),
	('Prop187', 1, 91, 4, 1, null, 188),
	('Prop188', 59, 78, 3, 3, null, 189),
	('Prop189', 65, 38, 5, 1, null, 190),
	('Prop190', 29, 42, 1, 3, null, 191),
	('Prop191', 93, 64, 4, 1, null, 192),
	('Prop192', 18, 96, 3, 6, 4, 193),
	('Prop193', 82, 14, 3, 6, null, 194),
	('Prop194', 29, 89, 3, 3, null, 195),
	('Prop195', 33, 25, 2, 4, null, 196),
	('Prop196', 55, 49, 2, 6, null, 197),
	('Prop197', 88, 17, 5, 3, null, 198),
	('Prop198', 80, 22, 3, 2, null, 199),
	('Prop199', 75, 26, 1, 4, null, 200),
	('Tech1', null, null, 4, 4, null, 201),
	('Tech2', null, null, 1, 3, null, 202),
	('Tech3', null, null, 5, 6, 2, 203),
	('Tech4', null, null, 2, 2, null, 204),
	('Tech5', null, null, 4, 5, 1, 205),
	('Tech6', null, null, 5, 6, null, 206),
	('Tech7', null, null, 2, 2, null, 207),
	('Tech8', null, null, 3, 3, null, 208),
	('Tech9', null, null, 4, 4, 4, 209),
	('Tech10', null, null, 5, 6, null, 210),
	('Building0', 12, 70, 5, 4, null, 211),
	('Building1', 46, 43, 5, 3, null, 212),
	('Building2', 23, 61, 2, 1, null, 213),
	('Building3', 66, 15, 5, 4, null, 214),
	('Building4', 58, 77, 1, 3, 3, 215),
	('Building5', 80, 79, 5, 1, null, 216),
	('Building6', 88, 21, 4, 4, 4, 217),
	('Building7', 8, 96, 4, 1, null, 218),
	('Building8', 34, 26, 4, 6, null, 219),
	('Building9', 58, 11, 4, 1, null, 220),
	('Building10', 76, 58, 5, 2, null, 221),
	('Building11', 13, 67, 4, 5, null, 222),
	('Building12', 60, 72, 1, 6, null, 223),
	('Building13', 12, 40, 3, 6, null, 224),
	('Building14', 93, 45, 4, 2, null, 225),
	('Building15', 94, 98, 1, 2, null, 226),
	('Building16', 70, 90, 3, 5, null, 227),
	('Building17', 43, 69, 2, 1, null, 228),
	('Building18', 37, 45, 5, 3, null, 229),
	('Building19', 73, 7, 4, 3, null, 230),
	('Building20', 91, 89, 2, 4, null, 231),
	('Building21', 21, 22, 4, 3, null, 232),
	('Building22', 45, 69, 4, 1, null, 233),
	('Building23', 26, 47, 5, 2, null, 234),
	('Building24', 20, 49, 3, 3, null, 235),
	('Building25', 77, 85, 1, 6, null, 236),
	('Building26', 48, 23, 5, 3, null, 237),
	('Building27', 58, 77, 1, 1, null, 238),
	('Building28', 69, 60, 4, 1, 1, 239),
	('Building29', 57, 52, 2, 6, 4, 240),
	('Building30', 14, 13, 3, 1, 6, 241),
	('Building31', 81, 41, 4, 2, 3, 242),
	('Building32', 92, 96, 5, 2, null, 243),
	('Building33', 93, 5, 5, 4, null, 244),
	('Building34', 66, 96, 3, 4, null, 245),
	('Building35', 84, 59, 2, 4, null, 246),
	('Building36', 43, 87, 5, 6, null, 247),
	('Building37', 44, 63, 3, 3, 3, 248),
	('Building38', 31, 81, 2, 3, null, 249),
	('Building39', 23, 47, 1, 6, null, 250),
	('Building40', 9, 55, 3, 2, null, 251),
	('Building41', 76, 9, 4, 3, null, 252),
	('Building42', 15, 100, 4, 3, null, 253),
	('Building43', 17, 91, 1, 4, null, 254),
	('Building44', 99, 98, 3, 6, null, 255),
	('Building45', 0, 23, 1, 6, null, 256),
	('Building46', 35, 14, 3, 6, null, 257),
	('Building47', 89, 74, 1, 4, null, 258),
	('Building48', 78, 60, 1, 1, 5, 259),
	('Building49', 23, 86, 1, 6, 2, 260),
	('Hero0', 82, 9, 2, 5, null, 261),
	('Hero1', 96, 33, 1, 2, 4, 262),
	('Hero2', 29, 83, 1, 1, 1, 263),
	('Hero3', 83, 79, 1, 6, null, 264),
	('Hero4', 58, 73, 2, 1, null, 265),
	('Hero5', 55, 38, 1, 5, null, 266),
	('Civil0', 14, 87, 3, 6, null, 267),
	('Civil1', 83, 70, 4, 1, 5, 268),
	('Civil2', 6, 62, 4, 3, 4, 269),
	('Civil3', 41, 47, 5, 6, null, 270),
	('Civil4', 5, 12, 2, 6, null, 271),
	('Civil5', 32, 23, 2, 4, null, 272),
	('Civil6', 81, 58, 4, 6, null, 273),
	('Civil7', 98, 83, 2, 5, null, 274),
	('Civil8', 55, 3, 2, 5, null, 275),
	('Civil9', 75, 19, 2, 4, null, 276),
	('Civil10', 20, 45, 2, 4, null, 277),
	('Civil11', 65, 34, 1, 5, null, 278),
	('Civil12', 0, 69, 2, 6, 6, 279),
	('Civil13', 20, 61, 3, 1, null, 280),
	('Civil14', 43, 51, 2, 6, null, 281),
	('Civil15', 69, 17, 4, 2, null, 282),
	('Civil16', 3, 21, 2, 1, null, 283),
	('Civil17', 13, 81, 1, 1, null, 284),
	('Civil18', 71, 31, 5, 6, 5, 285),
	('Civil19', 2, 15, 4, 5, 6, 286),
	('Civil20', 72, 42, 2, 3, null, 287),
	('Civil21', 20, 77, 2, 3, null, 288),
	('Civil22', 92, 54, 3, 2, null, 289),
	('Civil23', 86, 45, 3, 2, null, 290),
	('Civil24', 65, 41, 1, 5, null, 291),
	('Civil25', 21, 10, 4, 3, null, 292),
	('Civil26', 59, 4, 2, 3, null, 293),
	('Civil27', 67, 64, 3, 5, 1, 294),
	('Civil28', 80, 40, 4, 5, null, 295),
	('Civil29', 29, 26, 2, 3, null, 296),
	('Civil30', 89, 50, 2, 2, null, 297),
	('Civil31', 19, 48, 3, 4, null, 298),
	('Civil32', 7, 82, 3, 6, null, 299),
	('Civil33', 55, 4, 1, 1, null, 300),
	('Civil34', 70, 34, 4, 5, 4, 301),
	('Civil35', 45, 78, 2, 3, null, 302),
	('Civil36', 6, 84, 5, 3, null, 303),
	('Civil37', 95, 60, 2, 1, null, 304),
	('Civil38', 64, 11, 3, 4, null, 305),
	('Civil39', 48, 97, 2, 4, null, 306),
	('Civil40', 13, 53, 1, 6, null, 307),
	('Civil41', 63, 58, 2, 6, null, 308),
	('Civil42', 32, 99, 2, 2, null, 309),
	('Civil43', 30, 89, 5, 3, null, 310),
	('Civil44', 24, 32, 1, 3, null, 311),
	('Civil45', 45, 36, 1, 4, 3, 312),
	('Civil46', 15, 6, 2, 4, null, 313),
	('Civil47', 76, 25, 1, 2, null, 314),
	('Civil48', 51, 88, 2, 1, 1, 315),
	('Civil49', 34, 42, 3, 5, null, 316),
	('Civil50', 0, 73, 2, 1, null, 317),
	('Civil51', 64, 67, 1, 2, 3, 318),
	('Civil52', 21, 50, 1, 2, null, 319),
	('Civil53', 17, 66, 1, 1, null, 320),
	('Civil54', 85, 89, 1, 4, null, 321),
	('Civil55', 18, 10, 5, 5, null, 322),
	('Civil56', 2, 95, 5, 5, null, 323),
	('Civil57', 36, 23, 5, 2, null, 324),
	('Civil58', 49, 72, 5, 1, null, 325),
	('Civil59', 69, 35, 4, 3, 1, 326),
	('Rodelero0', 83, 91, 1, 6, 3, 327),
	('Crossbowman1', 10, 66, 4, 2, null, 328),
	('Halberdier2', 43, 71, 5, 5, null, 329),
	('Pikeman3', 23, 42, 4, 6, null, 330),
	('Rodelero4', 78, 72, 3, 1, null, 331),
	('Crossbowman5', 100, 92, 3, 3, null, 332),
	('Doppelsoldner6', 95, 93, 5, 6, null, 333),
	('Crossbowman7', 2, 93, 4, 1, 4, 334),
	('Halberdier8', 41, 2, 2, 6, 4, 335),
	('Musketeer9', 80, 37, 5, 3, null, 336),
	('Rodelero10', 44, 49, 5, 3, null, 337),
	('Musketeer11', 56, 4, 3, 6, 3, 338),
	('Rodelero12', 51, 96, 1, 1, null, 339),
	('Doppelsoldner13', 80, 30, 1, 4, null, 340),
	('Pikeman14', 67, 77, 5, 1, 4, 341),
	('Rodelero15', 29, 91, 1, 6, null, 342),
	('Skirmisher16', 71, 50, 1, 3, 4, 343),
	('Cassador17', 18, 2, 5, 5, null, 344),
	('Doppelsoldner18', 26, 28, 2, 1, null, 345),
	('Musketeer19', 42, 100, 1, 6, null, 346),
	('Crossbowman20', 61, 75, 5, 5, 3, 347),
	('Musketeer21', 31, 53, 4, 5, null, 348),
	('Pikeman22', 25, 37, 5, 1, null, 349),
	('Rodelero23', 76, 37, 3, 3, null, 350),
	('Musketeer24', 26, 76, 2, 4, null, 351),
	('Musketeer25', 80, 26, 2, 1, null, 352),
	('Pikeman26', 28, 3, 2, 5, 3, 353),
	('Archer27', 86, 17, 1, 5, null, 354),
	('Pikeman28', 40, 14, 2, 5, null, 355),
	('Halberdier29', 37, 15, 1, 5, null, 356),
	('Crossbowman30', 76, 42, 2, 2, null, 357),
	('Archer31', 97, 20, 4, 4, null, 358),
	('Archer32', 44, 77, 5, 1, null, 359),
	('Halberdier33', 32, 15, 1, 1, 1, 360),
	('Archer34', 68, 9, 2, 6, 3, 361),
	('Longbowman35', 89, 91, 3, 1, null, 362),
	('Crossbowman36', 49, 14, 1, 3, null, 363),
	('Doppelsoldner37', 84, 57, 5, 4, 6, 364),
	('Archer38', 75, 88, 2, 1, 6, 365),
	('Crossbowman39', 45, 60, 2, 4, null, 366),
	('Cassador40', 6, 38, 5, 3, null, 367),
	('Musketeer41', 77, 49, 2, 4, null, 368),
	('Crossbowman42', 4, 14, 2, 2, null, 369),
	('Pikeman43', 73, 66, 4, 6, null, 370),
	('Musketeer44', 85, 5, 4, 5, null, 371),
	('Doppelsoldner45', 5, 36, 2, 4, null, 372),
	('Archer46', 66, 49, 3, 4, null, 373),
	('Skirmisher47', 57, 67, 3, 5, null, 374),
	('Musketeer48', 82, 38, 3, 5, 2, 375),
	('Crossbowman49', 89, 86, 3, 4, null, 376),
	('Cassador50', 100, 41, 1, 2, null, 377),
	('Doppelsoldner51', 4, 53, 4, 4, null, 378),
	('Crossbowman52', 7, 98, 3, 2, 6, 379),
	('Cassador53', 67, 52, 5, 2, 4, 380),
	('Crossbowman54', 82, 59, 2, 1, 3, 381),
	('Archer55', 32, 1, 2, 3, null, 382),
	('Longbowman56', 43, 99, 3, 5, null, 383),
	('Longbowman57', 10, 37, 3, 5, null, 384),
	('Musketeer58', 11, 14, 2, 6, null, 385),
	('Skirmisher59', 70, 77, 3, 5, null, 386),
	('Lancer0', 36, 5, 4, 6, null, 387),
	('Cavalry Archer1', 23, 80, 5, 1, null, 388),
	('Lancer2', 36, 42, 4, 4, null, 389),
	('Hussar3', 18, 96, 2, 5, null, 390),
	('Cuirassier4', 21, 9, 4, 5, null, 391),
	('War Wagon5', 61, 22, 5, 1, null, 392),
	('War Wagon6', 27, 20, 2, 4, null, 393),
	('Hussar7', 53, 7, 2, 3, null, 394),
	('Dragoon8', 85, 16, 5, 6, 3, 395),
	('Ulhans9', 92, 61, 3, 4, 3, 396),
	('Hussar10', 14, 48, 3, 1, null, 397),
	('Lancer11', 63, 34, 2, 3, null, 398),
	('War Wagon12', 91, 89, 3, 3, null, 399),
	('Cuirassier13', 88, 100, 2, 5, null, 400),
	('Lancer14', 31, 24, 5, 4, null, 401),
	('Cuirassier15', 32, 49, 5, 3, 2, 402),
	('Dragoon16', 9, 93, 1, 4, 3, 403),
	('War Wagon17', 19, 92, 3, 3, null, 404),
	('Lancer18', 76, 51, 3, 4, 2, 405),
	('Lancer19', 7, 8, 3, 5, null, 406),
	('Lancer20', 37, 10, 4, 1, null, 407),
	('Lancer21', 82, 57, 3, 1, null, 408),
	('Hussar22', 5, 17, 5, 4, null, 409),
	('Lancer23', 56, 46, 3, 3, null, 410),
	('Cuirassier24', 24, 50, 3, 3, null, 411),
	('Ulhans25', 58, 53, 2, 2, null, 412),
	('Dragoon26', 43, 49, 2, 6, null, 413),
	('Hussar27', 19, 4, 3, 2, null, 414),
	('Hussar28', 84, 21, 5, 6, null, 415),
	('War Wagon29', 56, 32, 2, 2, null, 416),
	('Hussar30', 58, 10, 4, 5, null, 417),
	('Lancer31', 28, 93, 2, 2, null, 418),
	('Cavalry Archer32', 51, 33, 4, 6, null, 419),
	('Cuirassier33', 63, 88, 3, 4, null, 420),
	('Cavalry Archer34', 34, 93, 5, 5, null, 421),
	('Cuirassier35', 1, 70, 1, 3, 4, 422),
	('Ulhans36', 39, 54, 5, 5, null, 423),
	('Lancer37', 92, 13, 3, 4, null, 424),
	('War Wagon38', 95, 2, 5, 5, null, 425),
	('Lancer39', 85, 56, 2, 1, null, 426),
	('Dragoon40', 81, 62, 3, 2, null, 427),
	('Lancer41', 72, 58, 1, 4, null, 428),
	('Cuirassier42', 99, 84, 1, 2, null, 429),
	('Ulhans43', 91, 2, 1, 3, null, 430),
	('Hussar44', 76, 94, 5, 2, 4, 431),
	('Dragoon45', 90, 95, 5, 6, 2, 432),
	('War Wagon46', 25, 33, 2, 6, null, 433),
	('Lancer47', 79, 93, 2, 1, null, 434),
	('Cavalry Archer48', 64, 100, 2, 1, 3, 435),
	('Ulhans49', 100, 43, 1, 3, null, 436),
	('Cavalry Archer50', 83, 10, 4, 4, 4, 437),
	('Cuirassier51', 13, 26, 1, 2, null, 438),
	('Cuirassier52', 60, 35, 1, 1, 6, 439),
	('Lancer53', 83, 50, 2, 1, null, 440),
	('War Wagon54', 93, 45, 4, 2, null, 441),
	('Lancer55', 79, 45, 4, 6, null, 442),
	('Lancer56', 83, 20, 4, 3, null, 443),
	('Dragoon57', 60, 70, 1, 4, null, 444),
	('Cuirassier58', 71, 14, 2, 4, null, 445),
	('Cuirassier59', 25, 83, 3, 1, null, 446),
	('Abus Gun0', 68, 68, 2, 1, 2, 447),
	('Gatling Gun1', 54, 91, 3, 5, null, 448),
	('Gatling Gun2', 50, 25, 5, 6, 4, 449),
	('Gatling Gun3', 79, 62, 2, 2, null, 450),
	('Rocket4', 98, 81, 4, 6, null, 451),
	('Rocket5', 0, 15, 5, 3, null, 452),
	('Culverin6', 63, 22, 1, 2, 1, 453),
	('Gatling Gun7', 40, 18, 2, 4, null, 454),
	('Rocket8', 22, 2, 5, 1, null, 455),
	('Gatling Gun9', 81, 5, 1, 1, null, 456),
	('Mortar10', 51, 84, 5, 1, 1, 457),
	('Mortar11', 31, 33, 5, 3, null, 458),
	('Culverin12', 74, 91, 5, 2, null, 459),
	('Culverin13', 1, 30, 1, 1, null, 460),
	('Abus Gun14', 78, 62, 3, 3, 6, 461),
	('Gatling Gun15', 90, 98, 5, 3, 1, 462),
	('Rocket16', 71, 61, 2, 2, null, 463),
	('Culverin17', 83, 14, 4, 4, null, 464),
	('Falconet18', 5, 41, 5, 1, 4, 465),
	('Rocket19', 44, 98, 2, 6, null, 466),
	('Abus Gun20', 91, 16, 2, 6, null, 467),
	('Mortar21', 61, 8, 1, 6, 4, 468),
	('Culverin22', 12, 78, 4, 4, null, 469),
	('Rocket23', 8, 9, 2, 3, 4, 470),
	('Grenadier24', 76, 39, 4, 1, null, 471),
	('Mortar25', 34, 5, 2, 1, null, 472),
	('Rocket26', 8, 75, 3, 5, null, 473),
	('Rocket27', 4, 23, 2, 4, null, 474),
	('Grenadier28', 98, 34, 4, 3, 4, 475),
	('Falconet29', 57, 97, 4, 3, null, 476),
	('Abus Gun30', 36, 22, 2, 3, null, 477),
	('Mortar31', 73, 36, 4, 5, null, 478),
	('Grenadier32', 54, 73, 5, 4, null, 479),
	('Falconet33', 45, 53, 2, 1, 1, 480),
	('Falconet34', 31, 73, 3, 4, null, 481),
	('Mortar35', 47, 33, 3, 2, null, 482),
	('Culverin36', 31, 52, 2, 2, null, 483),
	('Abus Gun37', 43, 96, 1, 6, null, 484),
	('Culverin38', 61, 19, 3, 3, null, 485),
	('Gatling Gun39', 68, 32, 5, 2, null, 486),
	('Rocket40', 63, 94, 1, 5, null, 487),
	('Culverin41', 21, 46, 1, 2, null, 488),
	('Grenadier42', 46, 38, 4, 3, 3, 489),
	('Mortar43', 62, 73, 2, 4, 2, 490),
	('Culverin44', 20, 13, 1, 1, 6, 491),
	('Gatling Gun45', 37, 31, 5, 2, null, 492),
	('Grenadier46', 61, 19, 3, 3, null, 493),
	('Rocket47', 93, 75, 4, 4, null, 494),
	('Gatling Gun48', 95, 9, 3, 4, null, 495),
	('Abus Gun49', 8, 91, 5, 1, null, 496),
	('Mortar50', 78, 7, 2, 6, null, 497),
	('Culverin51', 64, 25, 2, 2, null, 498),
	('Abus Gun52', 1, 66, 4, 6, 6, 499),
	('Grenadier53', 10, 51, 1, 2, null, 500),
	('Abus Gun54', 44, 84, 3, 4, null, 501),
	('Abus Gun55', 67, 32, 2, 3, null, 502),
	('Grenadier56', 13, 95, 1, 2, 4, 503),
	('Abus Gun57', 96, 56, 3, 4, null, 504),
	('Rocket58', 80, 21, 2, 5, null, 505),
	('Gatling Gun59', 35, 3, 1, 4, null, 506),
	('Monitor0', 72, 72, 3, 2, 4, 507),
	('Fire Ship1', 9, 85, 1, 5, null, 508),
	('Monitor2', 57, 24, 1, 2, null, 509),
	('Fire Ship3', 7, 87, 4, 3, null, 510),
	('Frigate4', 68, 35, 2, 4, null, 511),
	('Monitor5', 75, 71, 1, 3, null, 512),
	('Fire Ship6', 75, 0, 1, 6, null, 513),
	('Caravel7', 26, 59, 2, 1, 1, 514),
	('Caravel8', 34, 34, 3, 2, null, 515),
	('Caravel9', 81, 99, 5, 5, null, 516),
	('Caravel10', 61, 19, 5, 6, null, 517),
	('Caravel11', 47, 74, 2, 4, null, 518),
	('Frigate12', 44, 72, 5, 1, null, 519),
	('Monitor13', 56, 5, 4, 6, null, 520),
	('Frigate14', 32, 70, 3, 4, null, 521),
	('Fire Ship15', 64, 24, 4, 6, null, 522),
	('Monitor16', 18, 66, 2, 1, null, 523),
	('Galleon17', 10, 79, 5, 4, null, 524),
	('Galleon18', 24, 2, 5, 6, null, 525),
	('Frigate19', 25, 24, 2, 5, null, 526),
	('Fire Ship20', 29, 91, 1, 3, null, 527),
	('Monitor21', 85, 76, 4, 4, null, 528),
	('Monitor22', 40, 59, 2, 1, 1, 529),
	('Monitor23', 35, 26, 3, 2, null, 530),
	('Galleon24', 55, 72, 5, 3, null, 531),
	('Frigate25', 94, 71, 5, 6, null, 532),
	('Galleon26', 98, 3, 5, 5, null, 533),
	('Galleon27', 82, 0, 1, 2, 6, 534),
	('Caravel28', 63, 78, 5, 5, 6, 535),
	('Monitor29', 69, 77, 2, 4, null, 536),
	('Fire Ship30', 32, 42, 2, 4, null, 537),
	('Fire Ship31', 50, 30, 1, 1, null, 538),
	('Galleon32', 36, 68, 4, 5, 1, 539),
	('Galleon33', 50, 30, 1, 4, null, 540),
	('Caravel34', 83, 13, 3, 5, 3, 541),
	('Monitor35', 77, 51, 2, 3, null, 542),
	('Galleon36', 44, 1, 3, 5, null, 543),
	('Fire Ship37', 19, 79, 3, 6, null, 544),
	('Galleon38', 54, 64, 2, 3, null, 545),
	('Fire Ship39', 39, 50, 4, 4, 1, 546),
	('Monitor40', 92, 34, 4, 5, null, 547),
	('Caravel41', 10, 47, 5, 6, 5, 548),
	('Monitor42', 74, 7, 2, 1, null, 549),
	('Caravel43', 85, 61, 5, 3, null, 550),
	('Galleon44', 54, 97, 5, 5, null, 551),
	('Monitor45', 60, 4, 2, 4, null, 552),
	('Monitor46', 92, 42, 2, 3, null, 553),
	('Galleon47', 0, 63, 2, 6, 3, 554),
	('Caravel48', 53, 87, 2, 4, null, 555),
	('Fire Ship49', 46, 81, 2, 4, null, 556),
	('Monitor50', 11, 37, 1, 6, null, 557),
	('Galleon51', 54, 44, 3, 4, null, 558),
	('Frigate52', 14, 92, 2, 4, null, 559),
	('Frigate53', 5, 83, 4, 2, null, 560),
	('Frigate54', 62, 45, 4, 4, null, 561),
	('Caravel55', 88, 95, 2, 1, null, 562),
	('Fire Ship56', 40, 62, 1, 5, 1, 563),
	('Monitor57', 62, 50, 3, 4, null, 564),
	('Frigate58', 20, 65, 4, 5, null, 565),
	('Frigate59', 58, 78, 1, 2, null, 566),
	('Llama0', 60, 42, 4, 5, 3, 567),
	('War Dog1', 76, 69, 3, 5, 5, 568),
	('Puma2', 84, 76, 1, 6, 3, 569),
	('War Dog3', 59, 54, 3, 4, null, 570),
	('War Dog4', 97, 5, 3, 1, null, 571),
	('Cougar5', 60, 33, 4, 4, null, 572),
	('Jaguar6', 93, 27, 5, 6, null, 573),
	('Llama7', 13, 87, 1, 5, null, 574),
	('Cougar8', 57, 53, 4, 6, null, 575),
	('Jaguar9', 70, 90, 5, 4, null, 576),
	('Puma10', 98, 19, 3, 5, null, 577),
	('War Dog11', 20, 40, 4, 5, 1, 578),
	('Jaguar12', 62, 80, 2, 6, null, 579),
	('Sheep13', 84, 48, 1, 2, null, 580),
	('War Dog14', 90, 27, 1, 3, null, 581),
	('War Dog15', 74, 67, 2, 3, 5, 582),
	('Puma16', 86, 81, 1, 5, null, 583),
	('Cougar17', 49, 29, 1, 1, null, 584),
	('Llama18', 29, 97, 3, 3, null, 585),
	('Jaguar19', 47, 0, 3, 4, null, 586),
	('Cougar20', 97, 7, 4, 3, null, 587),
	('War Dog21', 41, 84, 3, 6, null, 588),
	('Sheep22', 45, 53, 2, 5, null, 589),
	('Cougar23', 50, 20, 5, 6, null, 590),
	('Puma24', 93, 53, 3, 1, null, 591),
	('War Dog25', 58, 11, 3, 2, 3, 592),
	('Sheep26', 40, 7, 3, 1, null, 593),
	('Puma27', 55, 46, 4, 6, null, 594),
	('Cow28', 51, 65, 1, 2, null, 595),
	('Jaguar29', 2, 56, 5, 2, null, 596),
	('Puma30', 82, 71, 5, 4, null, 597),
	('Cow31', 46, 62, 1, 4, null, 598),
	('Cougar32', 18, 86, 2, 3, null, 599),
	('Jaguar33', 32, 65, 4, 3, null, 600),
	('Cougar34', 40, 66, 4, 5, null, 601),
	('Sheep35', 58, 35, 4, 3, null, 602),
	('Cow36', 48, 18, 4, 1, null, 603),
	('Jaguar37', 96, 4, 1, 2, null, 604),
	('Jaguar38', 83, 10, 4, 2, null, 605),
	('Sheep39', 5, 36, 2, 2, null, 606),
	('Cow40', 32, 51, 5, 6, null, 607),
	('Puma41', 33, 47, 3, 4, 2, 608),
	('War Dog42', 90, 27, 2, 4, null, 609),
	('Sheep43', 10, 36, 5, 2, null, 610),
	('Cow44', 17, 40, 3, 6, null, 611),
	('Cow45', 12, 14, 4, 5, null, 612),
	('Cougar46', 98, 0, 4, 6, null, 613),
	('War Dog47', 53, 52, 1, 3, null, 614),
	('Cougar48', 68, 28, 1, 6, null, 615),
	('Llama49', 36, 85, 5, 1, null, 616),
	('Cow50', 48, 78, 5, 1, null, 617),
	('Jaguar51', 39, 22, 2, 3, null, 618),
	('Cow52', 29, 42, 2, 1, 5, 619),
	('War Dog53', 46, 67, 3, 4, null, 620),
	('Cow54', 4, 32, 5, 5, 5, 621),
	('Sheep55', 33, 65, 2, 1, null, 622),
	('Llama56', 3, 65, 3, 5, null, 623),
	('Jaguar57', 7, 78, 4, 3, null, 624),
	('Cow58', 30, 45, 4, 3, null, 625),
	('Llama59', 67, 46, 1, 2, null, 626);

/*########################################################/
/#########################################################/
/#########################################################/
/#########################################################/
/#######################          ########################/
/##################                    ###################/
/##############                            ###############/
/#########                                      ##########/
/#########                 #####                 #########/
/#######                ###########                #######/
/#####               #### OBJECTS ####               #####/
/#######                ###########                #######/
/#######                  #######                 ########/
/#########                                      ##########/
/##############                            ###############/
/##################                    ###################/
/#######################          ########################/
/#########################################################/
/#########################################################/
/#########################################################/
...........................................................
...........................................................
...........................................................
/#########################################################/
/#########################################################/
/########################################################*/

USE p4g6
GO

INSERT INTO Empires.Prop (Recurso, Quantidade, FK_Obj_Id) 
VALUES
	('Wood', 100, 1),
	('Food', 200, 2),
	('Wood', 300, 3),
	('Food', 500, 4),
	('Food', 400, 5),
	('Stone', 300, 6),
	('Gold', 400, 7),
	('Gold', 300, 8),
	('Gold', 100, 9),
	('Stone', 100, 10),
	('Wood', 100, 11),
	('Food', 400, 12),
	('Stone', 300, 13),
	('Wood', 500, 14),
	('Food', 400, 15),
	('Gold', 100, 16),
	('Gold', 200, 17),
	('Wood', 500, 18),
	('Stone', 100, 19),
	('Wood', 300, 20),
	('Food', 500, 21),
	('Gold', 300, 22),
	('Wood', 200, 23),
	('Wood', 500, 24),
	('Wood', 200, 25),
	('Stone', 400, 26),
	('Gold', 500, 27),
	('Gold', 400, 28),
	('Stone', 500, 29),
	('Wood', 200, 30),
	('Wood', 100, 31),
	('Stone', 400, 32),
	('Food', 200, 33),
	('Wood', 400, 34),
	('Wood', 400, 35),
	('Food', 200, 36),
	('Gold', 400, 37),
	('Food', 200, 38),
	('Wood', 100, 39),
	('Gold', 100, 40),
	('Food', 400, 41),
	('Gold', 500, 42),
	('Food', 300, 43),
	('Gold', 300, 44),
	('Food', 400, 45),
	('Gold', 400, 46),
	('Gold', 300, 47),
	('Wood', 200, 48),
	('Gold', 400, 49),
	('Food', 200, 50),
	('Food', 500, 51),
	('Gold', 200, 52),
	('Food', 100, 53),
	('Gold', 100, 54),
	('Wood', 400, 55),
	('Stone', 400, 56),
	('Stone', 300, 57),
	('Gold', 300, 58),
	('Stone', 200, 59),
	('Stone', 200, 60),
	('Gold', 200, 61),
	('Gold', 100, 62),
	('Stone', 300, 63),
	('Gold', 400, 64),
	('Gold', 300, 65),
	('Food', 300, 66),
	('Gold', 400, 67),
	('Wood', 400, 68),
	('Gold', 200, 69),
	('Gold', 300, 70),
	('Stone', 500, 71),
	('Stone', 400, 72),
	('Stone', 500, 73),
	('Food', 400, 74),
	('Gold', 400, 75),
	('Wood', 200, 76),
	('Food', 400, 77),
	('Food', 200, 78),
	('Food', 400, 79),
	('Stone', 400, 80),
	('Food', 100, 81),
	('Wood', 100, 82),
	('Food', 400, 83),
	('Food', 500, 84),
	('Stone', 100, 85),
	('Food', 400, 86),
	('Food', 100, 87),
	('Gold', 500, 88),
	('Food', 400, 89),
	('Gold', 200, 90),
	('Gold', 500, 91),
	('Wood', 200, 92),
	('Gold', 300, 93),
	('Wood', 500, 94),
	('Wood', 400, 95),
	('Food', 200, 96),
	('Wood', 200, 97),
	('Wood', 500, 98),
	('Wood', 500, 99),
	('Gold', 300, 100),
	('Wood', 200, 101),
	('Food', 500, 102),
	('Wood', 200, 103),
	('Gold', 200, 104),
	('Gold', 200, 105),
	('Gold', 200, 106),
	('Food', 100, 107),
	('Stone', 100, 108),
	('Stone', 500, 109),
	('Food', 100, 110),
	('Stone', 400, 111),
	('Stone', 100, 112),
	('Stone', 100, 113),
	('Wood', 200, 114),
	('Stone', 300, 115),
	('Gold', 400, 116),
	('Stone', 500, 117),
	('Gold', 400, 118),
	('Food', 400, 119),
	('Gold', 400, 120),
	('Gold', 100, 121),
	('Wood', 400, 122),
	('Food', 200, 123),
	('Wood', 300, 124),
	('Food', 500, 125),
	('Wood', 100, 126),
	('Gold', 200, 127),
	('Gold', 200, 128),
	('Gold', 300, 129),
	('Gold', 200, 130),
	('Wood', 300, 131),
	('Wood', 500, 132),
	('Wood', 300, 133),
	('Food', 100, 134),
	('Stone', 500, 135),
	('Gold', 500, 136),
	('Stone', 300, 137),
	('Wood', 100, 138),
	('Gold', 300, 139),
	('Food', 500, 140),
	('Gold', 200, 141),
	('Wood', 400, 142),
	('Gold', 300, 143),
	('Stone', 200, 144),
	('Gold', 500, 145),
	('Food', 300, 146),
	('Wood', 500, 147),
	('Gold', 200, 148),
	('Gold', 200, 149),
	('Stone', 400, 150),
	('Gold', 100, 151),
	('Stone', 100, 152),
	('Stone', 400, 153),
	('Wood', 100, 154),
	('Wood', 300, 155),
	('Food', 300, 156),
	('Food', 300, 157),
	('Stone', 500, 158),
	('Food', 200, 159),
	('Gold', 500, 160),
	('Gold', 400, 161),
	('Gold', 100, 162),
	('Wood', 200, 163),
	('Stone', 500, 164),
	('Gold', 300, 165),
	('Stone', 300, 166),
	('Gold', 100, 167),
	('Food', 100, 168),
	('Food', 100, 169),
	('Stone', 300, 170),
	('Gold', 400, 171),
	('Wood', 400, 172),
	('Gold', 200, 173),
	('Gold', 500, 174),
	('Gold', 400, 175),
	('Food', 100, 176),
	('Wood', 200, 177),
	('Stone', 200, 178),
	('Wood', 300, 179),
	('Food', 100, 180),
	('Food', 400, 181),
	('Food', 400, 182),
	('Wood', 500, 183),
	('Gold', 300, 184),
	('Stone', 400, 185),
	('Wood', 100, 186),
	('Wood', 400, 187),
	('Stone', 300, 188),
	('Food', 100, 189),
	('Food', 400, 190),
	('Stone', 200, 191),
	('Stone', 300, 192),
	('Wood', 300, 193),
	('Food', 200, 194),
	('Stone', 400, 195),
	('Stone', 100, 196),
	('Food', 200, 197),
	('Food', 200, 198),
	('Food', 200, 199),
	('Wood', 500, 200);

INSERT INTO Empires.Tecnologia (Entidade, Efeito, FK_Obj_Id) 
VALUES
	('Building', '+1000 health', 201),
	('Factory', 'x2 gather rate', 202),
	('Villager', '+10 gold gather rate', 203),
	('Villager', '+10 wood gather rate', 204),
	('Villager', '+10 food gather rate', 205),
	('Infantry', '+10 health', 206),
	('Infantry', '+10 ranged attack', 207),
	('Infantry', '+10 melee attack', 208),
	('Cavalry', '+10 health', 209),
	('Warships', '+20 ranged attack', 210);

INSERT INTO Empires.Edificios (Pontos_de_Vida, Tempo_de_Construcao, Tipo, Line_of_Sight, Xp_de_Construcao, N_Max_de_Construtores, FK_Obj_Id) 
VALUES
	(2500, 90, 'Religious', 0, 25.0, null, 211),
	(1500, 150, 'Military', 10, 15.0, 8, 212),
	(1500, 120, 'Defensive', 2, 15.0, null, 213),
	(1000, 30, 'Military', 3, 10.0, null, 214),
	(3000, 90, 'Economic', 9, 30.0, 4, 215),
	(2500, 60, 'Economic', 9, 25.0, null, 216),
	(2500, 120, 'Religious', 0, 25.0, null, 217),
	(1500, 30, 'Military', 12, 15.0, null, 218),
	(1000, 90, 'Economic', 12, 10.0, 8, 219),
	(1000, 120, 'Economic', 4, 10.0, null, 220),
	(3000, 120, 'Military', 8, 30.0, null, 221),
	(3000, 30, 'Economic', 13, 30.0, null, 222),
	(2500, 120, 'Economic', 8, 25.0, null, 223),
	(2500, 120, 'Economic', 9, 25.0, null, 224),
	(3000, 120, 'Defensive', 13, 30.0, null, 225),
	(3000, 120, 'Defensive', 0, 30.0, null, 226),
	(2500, 90, 'Military', 12, 25.0, null, 227),
	(2500, 30, 'Military', 6, 25.0, null, 228),
	(2500, 120, 'Religious', 3, 25.0, null, 229),
	(3000, 30, 'Economic', 3, 30.0, null, 230),
	(1000, 90, 'Defensive', 10, 10.0, null, 231),
	(1000, 150, 'Defensive', 3, 10.0, null, 232),
	(3000, 150, 'Defensive', 8, 30.0, null, 233),
	(1500, 150, 'Religious', 4, 15.0, null, 234),
	(2000, 60, 'Economic', 13, 20.0, 12, 235),
	(1000, 30, 'Economic', 11, 10.0, null, 236),
	(2500, 120, 'Defensive', 6, 25.0, null, 237),
	(1000, 90, 'Defensive', 11, 10.0, null, 238),
	(3000, 150, 'Economic', 6, 30.0, null, 239),
	(1000, 60, 'Religious', 10, 10.0, null, 240),
	(1500, 30, 'Religious', 9, 15.0, null, 241),
	(1500, 60, 'Defensive', 6, 15.0, 8, 242),
	(3000, 30, 'Military', 3, 30.0, null, 243),
	(2500, 60, 'Religious', 13, 25.0, null, 244),
	(1000, 30, 'Economic', 0, 10.0, null, 245),
	(3000, 60, 'Defensive', 12, 30.0, null, 246),
	(1500, 60, 'Religious', 0, 15.0, null, 247),
	(2000, 150, 'Religious', 4, 20.0, null, 248),
	(3000, 60, 'Religious', 1, 30.0, null, 249),
	(3000, 30, 'Economic', 2, 30.0, null, 250),
	(1500, 90, 'Military', 8, 15.0, null, 251),
	(1500, 90, 'Economic', 1, 15.0, null, 252),
	(1500, 90, 'Defensive', 5, 15.0, 8, 253),
	(3000, 90, 'Economic', 3, 30.0, null, 254),
	(2000, 60, 'Military', 7, 20.0, null, 255),
	(1500, 60, 'Economic', 1, 15.0, null, 256),
	(1000, 60, 'Defensive', 0, 10.0, null, 257),
	(2000, 60, 'Military', 6, 20.0, null, 258),
	(1000, 150, 'Economic', 7, 10.0, null, 259),
	(1500, 120, 'Military', 13, 15.0, null, 260);


/*########################################################/
/#########################################################/
/#####              ###################              #####/
/#####              ###################              #####/
/#####              ###################              #####/
/#####              ###################              #####/
/#####              ###################              #####/
/#####              ###################              #####/
/#####              ###################              #####/
/#####              ###################              #####/
/#####              ###################              #####/
/#####               ## ### ### ### ##               #####/
/#####                #### ##### ####                #####/
/#####                ############# ##               #####/
/#####               #### UNIDADES ####               #####/
/#######                ###########                #######/
/#######                  #######                 ########/
/#########                                      ##########/
/############                                 ############/
/##############                           ################/
/#################                     ###################/
/#########################################################/
/#########################################################/
/#########################################################/
...........................................................
...........................................................
...........................................................
/#########################################################/
/#########################################################/
/########################################################*/


INSERT INTO Empires.Unidades (Pontos_de_Vida, Velocidade, Resistencia, Line_of_Sight, FK_Obj_Id) 
VALUES
	(60, 5, 3, 9, 261),
	(110, 3, 1, 8, 262),
	(120, 3, 2, 9, 263),
	(130, 4, 2, 10, 264),
	(120, 3, 4, 10, 265),
	(60, 3, 4, 8, 266),
	(25, 5, 2, 7, 267),
	(45, 3, 1, 10, 268),
	(25, 3, 1, 11, 269),
	(70, 5, 0, 10, 270),
	(100, 3, 1, 12, 271),
	(35, 4, 0, 7, 272),
	(15, 5, 0, 10, 273),
	(70, 4, 0, 11, 274),
	(15, 3, 0, 11, 275),
	(105, 4, 0, 11, 276),
	(30, 4, 1, 10, 277),
	(40, 4, 2, 7, 278),
	(105, 3, 0, 9, 279),
	(15, 4, 2, 11, 280),
	(80, 4, 0, 11, 281),
	(80, 5, 0, 7, 282),
	(40, 5, 1, 8, 283),
	(75, 4, 1, 9, 284),
	(25, 5, 1, 10, 285),
	(70, 4, 0, 11, 286),
	(45, 3, 0, 8, 287),
	(75, 3, 2, 9, 288),
	(60, 5, 2, 10, 289),
	(35, 5, 0, 9, 290),
	(30, 5, 1, 7, 291),
	(105, 5, 1, 10, 292),
	(80, 3, 0, 7, 293),
	(80, 4, 1, 12, 294),
	(20, 3, 0, 8, 295),
	(100, 5, 1, 9, 296),
	(35, 3, 2, 12, 297),
	(60, 5, 1, 12, 298),
	(60, 4, 1, 11, 299),
	(65, 3, 0, 9, 300),
	(70, 5, 0, 10, 301),
	(5, 4, 1, 12, 302),
	(5, 3, 1, 8, 303),
	(15, 3, 0, 10, 304),
	(90, 4, 2, 7, 305),
	(85, 5, 2, 9, 306),
	(95, 5, 0, 9, 307),
	(100, 4, 2, 8, 308),
	(55, 3, 2, 7, 309),
	(50, 4, 1, 10, 310),
	(55, 3, 0, 10, 311),
	(60, 5, 1, 11, 312),
	(105, 5, 2, 8, 313),
	(95, 3, 2, 8, 314),
	(100, 4, 1, 7, 315),
	(15, 5, 2, 11, 316),
	(50, 4, 1, 8, 317),
	(100, 3, 1, 9, 318),
	(85, 3, 1, 7, 319),
	(105, 5, 2, 8, 320),
	(45, 5, 2, 10, 321),
	(95, 5, 1, 10, 322),
	(20, 5, 1, 12, 323),
	(10, 4, 1, 12, 324),
	(60, 5, 1, 9, 325),
	(65, 3, 0, 7, 326),
	(90, 3, 1, 8, 327),
	(70, 4, 3, 7, 328),
	(70, 5, 1, 12, 329),
	(115, 4, 3, 11, 330),
	(120, 3, 1, 11, 331),
	(105, 4, 2, 8, 332),
	(70, 3, 2, 10, 333),
	(95, 5, 2, 12, 334),
	(105, 3, 2, 12, 335),
	(95, 5, 3, 10, 336),
	(70, 5, 1, 9, 337),
	(85, 5, 1, 7, 338),
	(70, 3, 3, 11, 339),
	(60, 4, 2, 7, 340),
	(115, 4, 2, 11, 341),
	(65, 5, 2, 7, 342),
	(85, 4, 2, 11, 343),
	(95, 5, 1, 9, 344),
	(115, 4, 2, 9, 345),
	(75, 4, 2, 12, 346),
	(65, 3, 2, 12, 347),
	(70, 4, 1, 12, 348),
	(70, 5, 1, 7, 349),
	(70, 4, 1, 10, 350),
	(75, 5, 1, 12, 351),
	(120, 5, 2, 8, 352),
	(85, 3, 1, 10, 353),
	(65, 5, 2, 12, 354),
	(95, 4, 1, 7, 355),
	(110, 5, 1, 11, 356),
	(60, 5, 2, 7, 357),
	(90, 3, 2, 9, 358),
	(65, 3, 3, 9, 359),
	(105, 3, 3, 9, 360),
	(95, 4, 3, 7, 361),
	(60, 5, 3, 9, 362),
	(70, 4, 3, 12, 363),
	(60, 4, 2, 10, 364),
	(65, 5, 3, 10, 365),
	(70, 5, 3, 9, 366),
	(110, 3, 3, 9, 367),
	(85, 5, 3, 7, 368),
	(60, 3, 2, 7, 369),
	(75, 4, 1, 10, 370),
	(80, 3, 3, 9, 371),
	(105, 3, 2, 8, 372),
	(100, 5, 2, 7, 373),
	(120, 3, 2, 12, 374),
	(95, 3, 3, 11, 375),
	(85, 4, 2, 11, 376),
	(80, 3, 1, 12, 377),
	(60, 4, 2, 9, 378),
	(90, 3, 2, 12, 379),
	(95, 3, 1, 10, 380),
	(105, 5, 2, 11, 381),
	(65, 4, 1, 8, 382),
	(100, 5, 2, 11, 383),
	(110, 5, 1, 12, 384),
	(90, 5, 1, 11, 385),
	(65, 5, 3, 7, 386),
	(45, 5, 0, 8, 387),
	(75, 3, 2, 10, 388),
	(90, 5, 0, 11, 389),
	(70, 4, 1, 7, 390),
	(5, 5, 1, 7, 391),
	(50, 3, 0, 7, 392),
	(75, 3, 0, 11, 393),
	(55, 3, 1, 9, 394),
	(30, 3, 2, 10, 395),
	(45, 4, 0, 8, 396),
	(45, 5, 2, 11, 397),
	(15, 3, 2, 9, 398),
	(60, 5, 1, 8, 399),
	(20, 3, 0, 7, 400),
	(90, 5, 2, 8, 401),
	(55, 5, 2, 7, 402),
	(100, 4, 2, 11, 403),
	(15, 5, 1, 12, 404),
	(65, 4, 1, 12, 405),
	(65, 5, 0, 9, 406),
	(90, 3, 1, 8, 407),
	(55, 3, 2, 12, 408),
	(105, 5, 2, 8, 409),
	(65, 4, 1, 12, 410),
	(60, 3, 2, 9, 411),
	(30, 3, 0, 12, 412),
	(45, 3, 2, 8, 413),
	(15, 3, 2, 10, 414),
	(10, 4, 0, 8, 415),
	(80, 4, 0, 9, 416),
	(30, 3, 1, 8, 417),
	(50, 4, 0, 11, 418),
	(60, 5, 0, 11, 419),
	(65, 4, 0, 11, 420),
	(60, 3, 1, 12, 421),
	(30, 5, 1, 9, 422),
	(15, 4, 0, 12, 423),
	(100, 5, 0, 11, 424),
	(65, 4, 0, 9, 425),
	(50, 4, 0, 7, 426),
	(55, 5, 2, 11, 427),
	(30, 3, 2, 11, 428),
	(40, 3, 2, 7, 429),
	(50, 5, 2, 11, 430),
	(65, 4, 2, 11, 431),
	(70, 5, 2, 10, 432),
	(105, 5, 1, 10, 433),
	(80, 3, 1, 11, 434),
	(35, 3, 1, 8, 435),
	(35, 3, 2, 7, 436),
	(85, 3, 1, 9, 437),
	(25, 4, 0, 11, 438),
	(20, 3, 1, 10, 439),
	(85, 5, 0, 12, 440),
	(55, 4, 2, 9, 441),
	(25, 3, 2, 11, 442),
	(20, 5, 0, 11, 443),
	(80, 3, 0, 8, 444),
	(75, 4, 0, 8, 445),
	(30, 3, 2, 11, 446),
	(170, 3, 1, 14, 447),
	(160, 1, 2, 11, 448),
	(140, 3, 0, 10, 449),
	(150, 3, 2, 14, 450),
	(210, 1, 2, 14, 451),
	(150, 1, 1, 13, 452),
	(150, 4, 0, 13, 453),
	(140, 4, 1, 10, 454),
	(170, 3, 1, 13, 455),
	(200, 3, 0, 10, 456),
	(200, 4, 2, 12, 457),
	(150, 4, 1, 11, 458),
	(180, 2, 1, 10, 459),
	(160, 3, 0, 11, 460),
	(130, 1, 0, 11, 461),
	(150, 1, 1, 13, 462),
	(190, 2, 2, 11, 463),
	(190, 3, 2, 14, 464),
	(190, 4, 0, 15, 465),
	(130, 1, 0, 12, 466),
	(180, 1, 0, 15, 467),
	(180, 4, 1, 13, 468),
	(160, 2, 1, 12, 469),
	(180, 4, 0, 11, 470),
	(180, 4, 1, 14, 471),
	(210, 3, 1, 10, 472),
	(120, 1, 0, 11, 473),
	(200, 3, 0, 15, 474),
	(170, 4, 0, 13, 475),
	(120, 1, 0, 14, 476),
	(170, 4, 0, 13, 477),
	(120, 1, 0, 10, 478),
	(160, 2, 0, 14, 479),
	(180, 1, 1, 13, 480),
	(210, 4, 1, 10, 481),
	(180, 4, 0, 11, 482),
	(130, 4, 1, 15, 483),
	(160, 4, 2, 12, 484),
	(190, 1, 2, 14, 485),
	(140, 2, 2, 11, 486),
	(200, 2, 1, 13, 487),
	(130, 3, 0, 15, 488),
	(160, 3, 2, 13, 489),
	(200, 4, 1, 11, 490),
	(200, 4, 0, 10, 491),
	(190, 3, 1, 14, 492),
	(190, 4, 1, 13, 493),
	(210, 4, 1, 14, 494),
	(180, 4, 0, 10, 495),
	(210, 3, 1, 14, 496),
	(150, 1, 0, 10, 497),
	(160, 4, 1, 12, 498),
	(150, 2, 2, 10, 499),
	(190, 2, 2, 12, 500),
	(130, 3, 1, 11, 501),
	(170, 1, 1, 11, 502),
	(190, 3, 2, 14, 503),
	(150, 1, 0, 12, 504),
	(120, 2, 0, 13, 505),
	(140, 1, 0, 13, 506),
	(310, 7, 5, 12, 507),
	(350, 5, 8, 12, 508),
	(430, 5, 6, 12, 509),
	(380, 5, 7, 10, 510),
	(300, 7, 8, 11, 511),
	(400, 7, 5, 14, 512),
	(450, 6, 5, 12, 513),
	(400, 5, 6, 10, 514),
	(370, 6, 6, 15, 515),
	(440, 7, 5, 12, 516),
	(360, 7, 5, 13, 517),
	(310, 5, 7, 13, 518),
	(440, 5, 6, 15, 519),
	(400, 7, 9, 12, 520),
	(360, 5, 5, 11, 521),
	(410, 7, 7, 11, 522),
	(400, 7, 6, 14, 523),
	(440, 5, 6, 13, 524),
	(420, 6, 9, 15, 525),
	(360, 6, 7, 11, 526),
	(430, 6, 9, 12, 527),
	(440, 7, 8, 15, 528),
	(390, 6, 7, 10, 529),
	(380, 6, 7, 12, 530),
	(300, 6, 9, 15, 531),
	(360, 5, 5, 10, 532),
	(300, 7, 8, 11, 533),
	(410, 6, 9, 13, 534),
	(390, 5, 9, 14, 535),
	(390, 7, 9, 14, 536),
	(380, 7, 8, 15, 537),
	(350, 7, 9, 10, 538),
	(400, 7, 9, 11, 539),
	(300, 5, 6, 14, 540),
	(410, 6, 7, 11, 541),
	(400, 5, 7, 11, 542),
	(410, 6, 5, 12, 543),
	(370, 6, 8, 12, 544),
	(360, 5, 7, 13, 545),
	(450, 5, 5, 15, 546),
	(410, 5, 7, 11, 547),
	(440, 5, 9, 14, 548),
	(380, 5, 7, 10, 549),
	(350, 7, 8, 15, 550),
	(300, 7, 8, 11, 551),
	(320, 7, 7, 13, 552),
	(380, 5, 9, 10, 553),
	(380, 5, 9, 11, 554),
	(310, 5, 8, 13, 555),
	(410, 5, 8, 14, 556),
	(310, 6, 9, 14, 557),
	(300, 6, 9, 11, 558),
	(330, 6, 6, 12, 559),
	(330, 7, 5, 14, 560),
	(450, 5, 6, 14, 561),
	(390, 7, 5, 14, 562),
	(370, 6, 9, 13, 563),
	(450, 6, 7, 15, 564),
	(300, 5, 5, 15, 565),
	(300, 6, 7, 13, 566),
	(40, 6, 3, 8, 567),
	(70, 5, 2, 8, 568),
	(100, 5, 4, 5, 569),
	(120, 4, 4, 8, 570),
	(40, 4, 2, 5, 571),
	(70, 5, 3, 5, 572),
	(50, 4, 3, 6, 573),
	(50, 6, 2, 9, 574),
	(120, 6, 4, 7, 575),
	(50, 4, 2, 7, 576),
	(80, 5, 4, 10, 577),
	(60, 5, 3, 4, 578),
	(70, 4, 4, 7, 579),
	(50, 5, 3, 3, 580),
	(90, 6, 2, 4, 581),
	(100, 5, 2, 3, 582),
	(100, 4, 2, 7, 583),
	(60, 5, 2, 9, 584),
	(80, 5, 3, 6, 585),
	(80, 4, 4, 9, 586),
	(120, 4, 3, 3, 587),
	(90, 4, 4, 9, 588),
	(90, 6, 4, 9, 589),
	(70, 6, 2, 5, 590),
	(70, 6, 3, 7, 591),
	(50, 4, 3, 6, 592),
	(40, 6, 3, 8, 593),
	(110, 5, 3, 4, 594),
	(40, 5, 2, 10, 595),
	(70, 5, 4, 8, 596),
	(120, 4, 3, 8, 597),
	(100, 4, 4, 4, 598),
	(70, 5, 4, 7, 599),
	(110, 4, 4, 8, 600),
	(60, 5, 4, 4, 601),
	(60, 5, 3, 10, 602),
	(70, 5, 2, 10, 603),
	(100, 5, 4, 7, 604),
	(60, 5, 4, 6, 605),
	(100, 4, 2, 6, 606),
	(40, 4, 3, 3, 607),
	(70, 4, 2, 6, 608),
	(100, 5, 2, 9, 609),
	(100, 5, 3, 10, 610),
	(110, 4, 2, 5, 611),
	(40, 6, 2, 5, 612),
	(70, 6, 4, 6, 613),
	(70, 5, 3, 4, 614),
	(40, 5, 3, 10, 615),
	(50, 4, 2, 6, 616),
	(40, 4, 3, 5, 617),
	(80, 5, 2, 4, 618),
	(90, 4, 2, 3, 619),
	(110, 4, 4, 4, 620),
	(110, 5, 2, 9, 621),
	(60, 6, 2, 9, 622),
	(110, 4, 2, 10, 623),
	(50, 4, 3, 4, 624),
	(80, 5, 2, 10, 625),
	(50, 5, 2, 4, 626);


INSERT INTO Empires.Heroi (Pontos_Recuperados, Habilidades, Ataque_Corpo_a_Corpo, Ataque_Cerco, Ataque_a_Distancia, FK_Uni_Id) 
VALUES
	(30, 'Scout', 15, 17, 10, 261),
	(50, 'Scout', 18, 10, 12, 262),
	(50, 'Healer', 10, 17, 14, 263),
	(50, 'Builder', 17, 11, 13, 264),
	(50, 'Sharpshooter', 20, 13, 19, 265),
	(40, 'Healer', 11, 16, 21, 266);




/*########################################################/
/#########################################################/
/#########################################################/
/#########################################################/
/#########################################################/
/#########################################################/
/#########################################################/
/#######                                           #######/
/#######                                           #######/
/#######             Unidades Trainaveis           #######/
/#######                                           #######/
/#######################          ########################/
/#######################          ########################/
/#######################          ########################/
/#######################          ########################/
/#######################          ########################/
/#######################          ########################/
/#######################          ########################/
/#######################          ########################/
/#########################################################/
/#########################################################/
/#########################################################/
...........................................................
...........................................................
...........................................................
/#########################################################/
/#########################################################/
/########################################################*/

INSERT INTO Empires.Unidades_Treinaveis (Populacao, Tempo_de_Recruta, FK_Uni_Id) 
VALUES
	(1, 40, 267),
	(1, 40, 268),
	(1, 40, 269),
	(1, 40, 270),
	(1, 40, 271),
	(1, 40, 272),
	(1, 40, 273),
	(1, 40, 274),
	(1, 40, 275),
	(1, 40, 276),
	(1, 40, 277),
	(1, 40, 278),
	(1, 40, 279),
	(1, 40, 280),
	(1, 40, 281),
	(1, 40, 282),
	(1, 40, 283),
	(1, 40, 284),
	(1, 40, 285),
	(1, 40, 286),
	(1, 40, 287),
	(1, 40, 288),
	(1, 40, 289),
	(1, 40, 290),
	(1, 40, 291),
	(1, 40, 292),
	(1, 40, 293),
	(1, 40, 294),
	(1, 40, 295),
	(1, 40, 296),
	(1, 40, 297),
	(1, 40, 298),
	(1, 40, 299),
	(1, 40, 300),
	(1, 40, 301),
	(1, 40, 302),
	(1, 40, 303),
	(1, 40, 304),
	(1, 40, 305),
	(1, 40, 306),
	(1, 40, 307),
	(1, 40, 308),
	(1, 40, 309),
	(1, 40, 310),
	(1, 40, 311),
	(1, 40, 312),
	(1, 40, 313),
	(1, 40, 314),
	(1, 40, 315),
	(1, 40, 316),
	(1, 40, 317),
	(1, 40, 318),
	(1, 40, 319),
	(1, 40, 320),
	(1, 40, 321),
	(1, 40, 322),
	(1, 40, 323),
	(1, 40, 324),
	(1, 40, 325),
	(1, 40, 326),
	(1, 40, 327),
	(1, 40, 328),
	(1, 40, 329),
	(1, 40, 330),
	(1, 40, 331),
	(1, 40, 332),
	(1, 40, 333),
	(1, 40, 334),
	(1, 40, 335),
	(1, 40, 336),
	(1, 40, 337),
	(1, 40, 338),
	(1, 40, 339),
	(1, 40, 340),
	(1, 40, 341),
	(1, 40, 342),
	(1, 40, 343),
	(1, 40, 344),
	(1, 40, 345),
	(1, 40, 346),
	(1, 40, 347),
	(1, 40, 348),
	(1, 40, 349),
	(1, 40, 350),
	(1, 40, 351),
	(1, 40, 352),
	(1, 40, 353),
	(1, 40, 354),
	(1, 40, 355),
	(1, 40, 356),
	(1, 40, 357),
	(1, 40, 358),
	(1, 40, 359),
	(1, 40, 360),
	(1, 40, 361),
	(1, 40, 362),
	(1, 40, 363),
	(1, 40, 364),
	(1, 40, 365),
	(1, 40, 366),
	(1, 40, 367),
	(1, 40, 368),
	(1, 40, 369),
	(1, 40, 370),
	(1, 40, 371),
	(1, 40, 372),
	(1, 40, 373),
	(1, 40, 374),
	(1, 40, 375),
	(1, 40, 376),
	(1, 40, 377),
	(1, 40, 378),
	(1, 40, 379),
	(1, 40, 380),
	(1, 40, 381),
	(1, 40, 382),
	(1, 40, 383),
	(1, 40, 384),
	(1, 40, 385),
	(1, 40, 386),
	(2, 50, 387),
	(2, 50, 388),
	(2, 50, 389),
	(2, 50, 390),
	(2, 50, 391),
	(2, 50, 392),
	(2, 50, 393),
	(2, 50, 394),
	(2, 50, 395),
	(2, 50, 396),
	(2, 50, 397),
	(2, 50, 398),
	(2, 50, 399),
	(2, 50, 400),
	(2, 50, 401),
	(2, 50, 402),
	(2, 50, 403),
	(2, 50, 404),
	(2, 50, 405),
	(2, 50, 406),
	(2, 50, 407),
	(2, 50, 408),
	(2, 50, 409),
	(2, 50, 410),
	(2, 50, 411),
	(2, 50, 412),
	(2, 50, 413),
	(2, 50, 414),
	(2, 50, 415),
	(2, 50, 416),
	(2, 50, 417),
	(2, 50, 418),
	(2, 50, 419),
	(2, 50, 420),
	(2, 50, 421),
	(2, 50, 422),
	(2, 50, 423),
	(2, 50, 424),
	(2, 50, 425),
	(2, 50, 426),
	(2, 50, 427),
	(2, 50, 428),
	(2, 50, 429),
	(2, 50, 430),
	(2, 50, 431),
	(2, 50, 432),
	(2, 50, 433),
	(2, 50, 434),
	(2, 50, 435),
	(2, 50, 436),
	(2, 50, 437),
	(2, 50, 438),
	(2, 50, 439),
	(2, 50, 440),
	(2, 50, 441),
	(2, 50, 442),
	(2, 50, 443),
	(2, 50, 444),
	(2, 50, 445),
	(2, 50, 446),
	(5, 60, 447),
	(4, 60, 448),
	(5, 60, 449),
	(4, 60, 450),
	(4, 60, 451),
	(4, 60, 452),
	(4, 60, 453),
	(5, 60, 454),
	(5, 60, 455),
	(5, 60, 456),
	(5, 60, 457),
	(4, 60, 458),
	(5, 60, 459),
	(5, 60, 460),
	(5, 60, 461),
	(5, 60, 462),
	(5, 60, 463),
	(4, 60, 464),
	(4, 60, 465),
	(4, 60, 466),
	(5, 60, 467),
	(4, 60, 468),
	(4, 60, 469),
	(4, 60, 470),
	(5, 60, 471),
	(5, 60, 472),
	(5, 60, 473),
	(5, 60, 474),
	(5, 60, 475),
	(4, 60, 476),
	(4, 60, 477),
	(5, 60, 478),
	(4, 60, 479),
	(5, 60, 480),
	(5, 60, 481),
	(4, 60, 482),
	(5, 60, 483),
	(4, 60, 484),
	(5, 60, 485),
	(4, 60, 486),
	(4, 60, 487),
	(5, 60, 488),
	(5, 60, 489),
	(5, 60, 490),
	(5, 60, 491),
	(4, 60, 492),
	(5, 60, 493),
	(5, 60, 494),
	(5, 60, 495),
	(5, 60, 496),
	(4, 60, 497),
	(5, 60, 498),
	(4, 60, 499),
	(4, 60, 500),
	(4, 60, 501),
	(4, 60, 502),
	(5, 60, 503),
	(5, 60, 504),
	(5, 60, 505),
	(4, 60, 506),
	(0, 80, 507),
	(0, 80, 508),
	(0, 80, 509),
	(0, 80, 510),
	(0, 80, 511),
	(0, 80, 512),
	(0, 80, 513),
	(0, 80, 514),
	(0, 80, 515),
	(0, 80, 516),
	(0, 80, 517),
	(0, 80, 518),
	(0, 80, 519),
	(0, 80, 520),
	(0, 80, 521),
	(0, 80, 522),
	(0, 80, 523),
	(0, 80, 524),
	(0, 80, 525),
	(0, 80, 526),
	(0, 80, 527),
	(0, 80, 528),
	(0, 80, 529),
	(0, 80, 530),
	(0, 80, 531),
	(0, 80, 532),
	(0, 80, 533),
	(0, 80, 534),
	(0, 80, 535),
	(0, 80, 536),
	(0, 80, 537),
	(0, 80, 538),
	(0, 80, 539),
	(0, 80, 540),
	(0, 80, 541),
	(0, 80, 542),
	(0, 80, 543),
	(0, 80, 544),
	(0, 80, 545),
	(0, 80, 546),
	(0, 80, 547),
	(0, 80, 548),
	(0, 80, 549),
	(0, 80, 550),
	(0, 80, 551),
	(0, 80, 552),
	(0, 80, 553),
	(0, 80, 554),
	(0, 80, 555),
	(0, 80, 556),
	(0, 80, 557),
	(0, 80, 558),
	(0, 80, 559),
	(0, 80, 560),
	(0, 80, 561),
	(0, 80, 562),
	(0, 80, 563),
	(0, 80, 564),
	(0, 80, 565),
	(0, 80, 566),
	(0, 30, 567),
	(0, 30, 568),
	(0, 30, 569),
	(0, 30, 570),
	(0, 30, 571),
	(0, 30, 572),
	(0, 30, 573),
	(0, 30, 574),
	(0, 30, 575),
	(0, 30, 576),
	(0, 30, 577),
	(0, 30, 578),
	(0, 30, 579),
	(0, 30, 580),
	(0, 30, 581),
	(0, 30, 582),
	(0, 30, 583),
	(0, 30, 584),
	(0, 30, 585),
	(0, 30, 586),
	(0, 30, 587),
	(0, 30, 588),
	(0, 30, 589),
	(0, 30, 590),
	(0, 30, 591),
	(0, 30, 592),
	(0, 30, 593),
	(0, 30, 594),
	(0, 30, 595),
	(0, 30, 596),
	(0, 30, 597),
	(0, 30, 598),
	(0, 30, 599),
	(0, 30, 600),
	(0, 30, 601),
	(0, 30, 602),
	(0, 30, 603),
	(0, 30, 604),
	(0, 30, 605),
	(0, 30, 606),
	(0, 30, 607),
	(0, 30, 608),
	(0, 30, 609),
	(0, 30, 610),
	(0, 30, 611),
	(0, 30, 612),
	(0, 30, 613),
	(0, 30, 614),
	(0, 30, 615),
	(0, 30, 616),
	(0, 30, 617),
	(0, 30, 618),
	(0, 30, 619),
	(0, 30, 620),
	(0, 30, 621),
	(0, 30, 622),
	(0, 30, 623),
	(0, 30, 624),
	(0, 30, 625),
	(0, 30, 626);


INSERT INTO Empires.Civil (Velocidade_Colheita, Limite_de_Unidades, FK_UT_Id) 
VALUES
	(50, 5, 267),
	(40, 3, 268),
	(50, 8, 269),
	(40, 4, 270),
	(40, 7, 271),
	(40, 8, 272),
	(50, 3, 273),
	(40, 3, 274),
	(50, 3, 275),
	(50, 6, 276),
	(50, 7, 277),
	(40, 5, 278),
	(50, 4, 279),
	(40, 8, 280),
	(50, 7, 281),
	(40, 3, 282),
	(50, 4, 283),
	(40, 7, 284),
	(40, 4, 285),
	(40, 7, 286),
	(40, 4, 287),
	(40, 7, 288),
	(40, 3, 289),
	(40, 4, 290),
	(50, 4, 291),
	(40, 4, 292),
	(50, 3, 293),
	(50, 6, 294),
	(50, 8, 295),
	(40, 4, 296),
	(50, 4, 297),
	(40, 5, 298),
	(40, 3, 299),
	(40, 8, 300),
	(40, 4, 301),
	(50, 5, 302),
	(50, 8, 303),
	(50, 5, 304),
	(40, 5, 305),
	(40, 6, 306),
	(50, 3, 307),
	(40, 6, 308),
	(40, 3, 309),
	(40, 4, 310),
	(50, 3, 311),
	(50, 3, 312),
	(40, 5, 313),
	(40, 5, 314),
	(40, 8, 315),
	(50, 7, 316),
	(40, 3, 317),
	(40, 7, 318),
	(40, 3, 319),
	(40, 7, 320),
	(50, 3, 321),
	(40, 6, 322),
	(50, 7, 323),
	(40, 8, 324),
	(40, 7, 325),
	(50, 4, 326);

INSERT INTO Empires.Infantaria (Ataque_Corpo_a_Corpo, Ataque_a_Distancia, FK_UT_id) 
VALUES
	(15, 13, 327),
	(6, null, 328),
	(16, 12, 329),
	(14, 15, 330),
	(20, 13, 331),
	(11, null, 332),
	(17, 15, 333),
	(7, null, 334),
	(20, 17, 335),
	(7, null, 336),
	(16, 12, 337),
	(12, null, 338),
	(17, 12, 339),
	(14, 19, 340),
	(15, 20, 341),
	(14, 14, 342),
	(7, null, 343),
	(8, null, 344),
	(17, 20, 345),
	(11, null, 346),
	(12, null, 347),
	(12, null, 348),
	(16, 18, 349),
	(17, 18, 350),
	(10, null, 351),
	(9, null, 352),
	(14, 17, 353),
	(8, null, 354),
	(14, 19, 355),
	(19, 20, 356),
	(6, null, 357),
	(6, null, 358),
	(11, null, 359),
	(16, 15, 360),
	(7, null, 361),
	(6, null, 362),
	(11, null, 363),
	(19, 14, 364),
	(8, null, 365),
	(6, null, 366),
	(6, null, 367),
	(11, null, 368),
	(9, null, 369),
	(20, 18, 370),
	(11, null, 371),
	(17, 13, 372),
	(11, null, 373),
	(12, null, 374),
	(6, null, 375),
	(7, null, 376),
	(10, null, 377),
	(16, 14, 378),
	(11, null, 379),
	(8, null, 380),
	(11, null, 381),
	(11, null, 382),
	(8, null, 383),
	(7, null, 384),
	(8, null, 385),
	(9, null, 386);

INSERT INTO Empires.Cavalaria (Dano_em_Area, Ataque_Corpo_a_Corpo, FK_UT_id) 
VALUES
	(0, 13, 387),
	(1, 19, 388),
	(2, 11, 389),
	(1, 19, 390),
	(0, 21, 391),
	(2, 21, 392),
	(2, 11, 393),
	(0, 10, 394),
	(0, 21, 395),
	(2, 11, 396),
	(2, 17, 397),
	(2, 19, 398),
	(2, 19, 399),
	(1, 19, 400),
	(1, 13, 401),
	(2, 16, 402),
	(1, 15, 403),
	(2, 10, 404),
	(1, 20, 405),
	(2, 21, 406),
	(2, 11, 407),
	(2, 20, 408),
	(0, 20, 409),
	(2, 17, 410),
	(2, 20, 411),
	(2, 10, 412),
	(1, 21, 413),
	(2, 10, 414),
	(1, 19, 415),
	(2, 16, 416),
	(1, 13, 417),
	(2, 21, 418),
	(0, 17, 419),
	(1, 10, 420),
	(1, 17, 421),
	(0, 20, 422),
	(2, 14, 423),
	(2, 13, 424),
	(1, 13, 425),
	(1, 20, 426),
	(1, 17, 427),
	(1, 15, 428),
	(2, 15, 429),
	(0, 20, 430),
	(1, 21, 431),
	(1, 12, 432),
	(0, 12, 433),
	(0, 12, 434),
	(1, 16, 435),
	(2, 15, 436),
	(2, 15, 437),
	(0, 10, 438),
	(2, 14, 439),
	(2, 15, 440),
	(0, 10, 441),
	(1, 11, 442),
	(0, 10, 443),
	(2, 10, 444),
	(1, 19, 445),
	(2, 16, 446);

INSERT INTO Empires.Artilharia (Velocidade_Montagem, Ataque_Cerco, FK_UT_id) 
VALUES
	(4, 29, 447),
	(5, 34, 448),
	(5, 27, 449),
	(5, 29, 450),
	(5, 29, 451),
	(5, 25, 452),
	(5, 32, 453),
	(4, 31, 454),
	(4, 29, 455),
	(4, 29, 456),
	(4, 29, 457),
	(4, 32, 458),
	(5, 32, 459),
	(5, 28, 460),
	(5, 28, 461),
	(4, 30, 462),
	(5, 31, 463),
	(4, 33, 464),
	(5, 32, 465),
	(4, 34, 466),
	(4, 34, 467),
	(4, 34, 468),
	(4, 33, 469),
	(4, 33, 470),
	(4, 26, 471),
	(4, 34, 472),
	(5, 30, 473),
	(5, 34, 474),
	(5, 35, 475),
	(4, 34, 476),
	(4, 33, 477),
	(5, 25, 478),
	(4, 28, 479),
	(4, 28, 480),
	(5, 31, 481),
	(4, 30, 482),
	(5, 27, 483),
	(4, 26, 484),
	(5, 26, 485),
	(5, 30, 486),
	(4, 29, 487),
	(5, 35, 488),
	(5, 27, 489),
	(4, 34, 490),
	(5, 35, 491),
	(4, 35, 492),
	(4, 33, 493),
	(4, 28, 494),
	(5, 32, 495),
	(5, 30, 496),
	(4, 32, 497),
	(5, 30, 498),
	(4, 29, 499),
	(4, 35, 500),
	(4, 31, 501),
	(5, 26, 502),
	(5, 31, 503),
	(5, 28, 504),
	(5, 26, 505),
	(4, 27, 506);

INSERT INTO Empires.Naval (Limite_de_Unidades, FK_UT_Id) 
VALUES
	(20, 507),
	(30, 508),
	(30, 509),
	(40, 510),
	(20, 511),
	(50, 512),
	(20, 513),
	(50, 514),
	(20, 515),
	(20, 516),
	(50, 517),
	(50, 518),
	(50, 519),
	(20, 520),
	(40, 521),
	(30, 522),
	(30, 523),
	(20, 524),
	(20, 525),
	(20, 526),
	(50, 527),
	(20, 528),
	(20, 529),
	(20, 530),
	(50, 531),
	(40, 532),
	(30, 533),
	(30, 534),
	(30, 535),
	(50, 536),
	(40, 537),
	(30, 538),
	(50, 539),
	(50, 540),
	(50, 541),
	(50, 542),
	(40, 543),
	(50, 544),
	(50, 545),
	(50, 546),
	(30, 547),
	(40, 548),
	(20, 549),
	(30, 550),
	(40, 551),
	(20, 552),
	(30, 553),
	(50, 554),
	(30, 555),
	(20, 556),
	(50, 557),
	(20, 558),
	(20, 559),
	(30, 560),
	(20, 561),
	(40, 562),
	(40, 563),
	(50, 564),
	(50, 565),
	(50, 566);

INSERT INTO Empires.Animal (Food, Min_Food, Max_Food, Ataque_Corpo_a_Corpo, FK_UT_id) 
VALUES
	(528, 50, 800, null, 567),
	(null, null, null, 10, 568),
	(null, null, null, 11, 569),
	(null, null, null, 12, 570),
	(null, null, null, 8, 571),
	(null, null, null, 10, 572),
	(null, null, null, 9, 573),
	(744, 50, 800, null, 574),
	(null, null, null, 12, 575),
	(null, null, null, 9, 576),
	(null, null, null, 10, 577),
	(null, null, null, 10, 578),
	(null, null, null, 9, 579),
	(473, 60, 600, null, 580),
	(null, null, null, 7, 581),
	(null, null, null, 9, 582),
	(null, null, null, 8, 583),
	(null, null, null, 8, 584),
	(379, 50, 800, null, 585),
	(null, null, null, 12, 586),
	(null, null, null, 12, 587),
	(null, null, null, 11, 588),
	(105, 60, 400, null, 589),
	(null, null, null, 8, 590),
	(null, null, null, 7, 591),
	(null, null, null, 8, 592),
	(129, 60, 400, null, 593),
	(null, null, null, 10, 594),
	(614, 80, 700, null, 595),
	(null, null, null, 11, 596),
	(null, null, null, 9, 597),
	(94, 70, 400, null, 598),
	(null, null, null, 7, 599),
	(null, null, null, 7, 600),
	(null, null, null, 12, 601),
	(427, 50, 500, null, 602),
	(247, 60, 300, null, 603),
	(null, null, null, 10, 604),
	(null, null, null, 12, 605),
	(382, 50, 400, null, 606),
	(553, 60, 700, null, 607),
	(null, null, null, 9, 608),
	(null, null, null, 9, 609),
	(538, 60, 600, null, 610),
	(169, 80, 400, null, 611),
	(214, 80, 400, null, 612),
	(null, null, null, 12, 613),
	(null, null, null, 11, 614),
	(null, null, null, 10, 615),
	(135, 80, 400, null, 616),
	(169, 60, 400, null, 617),
	(null, null, null, 7, 618),
	(74, 70, 500, null, 619),
	(null, null, null, 8, 620),
	(98, 70, 300, null, 621),
	(466, 80, 500, null, 622),
	(156, 80, 300, null, 623),
	(null, null, null, 9, 624),
	(185, 50, 500, null, 625),
	(336, 80, 600, null, 626);
